{
	"format_version": "1.8.0",
	"animations": {
		"animation.velociraptor.run": {
			"loop": true,
			"animation_length": 1,
			"bones": {
				"head": {
					"rotation": {
						"0.0": {
							"vector": [-12.5, 0, 0]
						}
					},
					"position": {
						"0.0": {
							"vector": [0, -0.92, -0.98]
						},
						"0.0417": {
							"vector": [0, -1, -1]
						},
						"0.1667": {
							"vector": [0, -0.75852, -0.9353]
						},
						"0.2917": {
							"vector": [0, -1, -1]
						},
						"0.4167": {
							"vector": [0, -0.75852, -0.9353]
						},
						"0.5": {
							"vector": [0, -0.92, -0.98]
						},
						"0.5417": {
							"vector": [0, -1, -1]
						},
						"0.6667": {
							"vector": [0, -0.75852, -0.9353]
						},
						"0.7917": {
							"vector": [0, -1, -1]
						},
						"0.9167": {
							"vector": [0, -0.75852, -0.9353]
						},
						"1.0": {
							"vector": [0, -0.92, -0.98]
						}
					}
				},
				"upper_body": {
					"rotation": {
						"0.0": {
							"vector": [15, 0, 0]
						},
						"0.5": {
							"vector": [15, 0, 0]
						},
						"1.0": {
							"vector": [15, 0, 0]
						}
					}
				},
				"tail": {
					"rotation": {
						"0.0": {
							"vector": [-10.54684, 44.5119, -7.43656]
						},
						"0.125": {
							"vector": [1.95316, -5.56399, 0.92957]
						},
						"0.25": {
							"vector": [-10.54684, -44.5119, 7.43656]
						},
						"0.375": {
							"vector": [1.95316, -5.56399, 0.92957]
						},
						"0.5": {
							"vector": [-10.54684, 44.5119, -7.43656]
						},
						"0.625": {
							"vector": [1.95316, -5.56399, 0.92957]
						},
						"0.75": {
							"vector": [-10.54684, -44.5119, 7.43656]
						},
						"0.875": {
							"vector": [1.95316, -5.56399, 0.92957]
						},
						"1.0": {
							"vector": [-10.54684, 44.5119, -7.43656]
						}
					}
				},
				"left_leg": {
					"rotation": {
						"0.0": {
							"vector": [67.5, 0, 0]
						},
						"0.25": {
							"vector": [-67.5, 0, 0]
						},
						"0.5": {
							"vector": [67.5, 0, 0]
						},
						"0.75": {
							"vector": [-67.5, 0, 0]
						},
						"1.0": {
							"vector": [67.5, 0, 0]
						}
					}
				},
				"right_leg": {
					"rotation": {
						"0.0": {
							"vector": [-67.5, 0, 0]
						},
						"0.25": {
							"vector": [67.5, 0, 0]
						},
						"0.5": {
							"vector": [-67.5, 0, 0]
						},
						"0.75": {
							"vector": [67.5, 0, 0]
						},
						"1.0": {
							"vector": [-67.5, 0, 0]
						}
					}
				},
				"lefta": {
					"rotation": {
						"0.0": {
							"vector": [20.44, -7.05, -7.11]
						},
						"0.0833": {
							"vector": [22.93855, -7.05302, -7.10708]
						},
						"0.3333": {
							"vector": [15.43855, -7.05302, -7.10708]
						},
						"0.5": {
							"vector": [20.44, -7.05, -7.11]
						},
						"0.5833": {
							"vector": [22.93855, -7.05302, -7.10708]
						},
						"0.8333": {
							"vector": [15.43855, -7.05302, -7.10708]
						},
						"1.0": {
							"vector": [20.44, -7.05, -7.11]
						}
					},
					"position": {
						"0.0": {
							"vector": [0, 0.17, 0]
						},
						"0.0833": {
							"vector": [0, 0, 0]
						},
						"0.3333": {
							"vector": [0, 0.5, 0]
						},
						"0.5": {
							"vector": [0, 0.17, 0]
						},
						"0.5833": {
							"vector": [0, 0, 0]
						},
						"0.8333": {
							"vector": [0, 0.5, 0]
						},
						"1.0": {
							"vector": [0, 0.17, 0]
						}
					}
				},
				"righta": {
					"rotation": {
						"0.0": {
							"vector": [20.44, 7.05, 7.11]
						},
						"0.0833": {
							"vector": [22.93855, 7.05302, 7.10708]
						},
						"0.3333": {
							"vector": [15.43855, 7.05302, 7.10708]
						},
						"0.5": {
							"vector": [20.44, 7.05, 7.11]
						},
						"0.5833": {
							"vector": [22.93855, 7.05302, 7.10708]
						},
						"0.8333": {
							"vector": [15.43855, 7.05302, 7.10708]
						},
						"1.0": {
							"vector": [20.44, 7.05, 7.11]
						}
					},
					"position": {
						"0.0": {
							"vector": [0, 0.17, 0]
						},
						"0.0833": {
							"vector": [0, 0, 0]
						},
						"0.3333": {
							"vector": [0, 0.5, 0]
						},
						"0.5": {
							"vector": [0, 0.17, 0]
						},
						"0.5833": {
							"vector": [0, 0, 0]
						},
						"0.8333": {
							"vector": [0, 0.5, 0]
						},
						"1.0": {
							"vector": [0, 0.17, 0]
						}
					}
				},
				"leftfeathers": {
					"rotation": {
						"0.0": {
							"vector": [0, 0, 4.17]
						},
						"0.0833": {
							"vector": [0, 0, 17.5]
						},
						"0.3333": {
							"vector": [0, 0, -22.5]
						},
						"0.5": {
							"vector": [0, 0, 4.17]
						},
						"0.5833": {
							"vector": [0, 0, 17.5]
						},
						"0.8333": {
							"vector": [0, 0, -22.5]
						},
						"1.0": {
							"vector": [0, 0, 4.17]
						}
					}
				},
				"rightfeathers": {
					"rotation": {
						"0.0": {
							"vector": [0, 0, -4.17]
						},
						"0.0833": {
							"vector": [0, 0, -17.5]
						},
						"0.3333": {
							"vector": [0, 0, 22.5]
						},
						"0.5": {
							"vector": [0, 0, -4.17]
						},
						"0.5833": {
							"vector": [0, 0, -17.5]
						},
						"0.8333": {
							"vector": [0, 0, 22.5]
						},
						"1.0": {
							"vector": [0, 0, -4.17]
						}
					}
				},
				"velociraptor": {
					"position": {
						"0.0": {
							"vector": [0, 0, 0]
						},
						"0.125": {
							"vector": [0, 1, 0]
						},
						"0.25": {
							"vector": [0, 0, 0]
						},
						"0.375": {
							"vector": [0, 1, 0]
						},
						"0.5": {
							"vector": [0, 0, 0]
						},
						"0.625": {
							"vector": [0, 1, 0]
						},
						"0.75": {
							"vector": [0, 0, 0]
						},
						"0.875": {
							"vector": [0, 1, 0]
						},
						"1.0": {
							"vector": [0, 0, 0]
						}
					}
				}
			}
		},
		"animation.velociraptor.walk": {
			"loop": true,
			"animation_length": 1,
			"bones": {
				"velociraptor": {
					"position": {
						"0.0": {
							"vector": [0, 0, 0]
						},
						"0.25": {
							"vector": [0, 0.5, 0]
						},
						"0.5": {
							"vector": [0, 0, 0]
						},
						"0.75": {
							"vector": [0, 0.5, 0]
						},
						"1.0": {
							"vector": [0, 0, 0]
						}
					}
				},
				"tail": {
					"rotation": {
						"0.0": {
							"vector": [0, 5, 0]
						},
						"0.1667": {
							"vector": [0, 15, 0]
						},
						"0.6667": {
							"vector": [0, -15, 0]
						},
						"1.0": {
							"vector": [0, 5, 0]
						}
					}
				},
				"left_leg": {
					"rotation": {
						"0.0": {
							"vector": [25, 0, 0]
						},
						"0.5": {
							"vector": [-25, 0, 0]
						},
						"1.0": {
							"vector": [25, 0, 0]
						}
					}
				},
				"right_leg": {
					"rotation": {
						"0.0": {
							"vector": [-25, 0, 0]
						},
						"0.5": {
							"vector": [25, 0, 0]
						},
						"1.0": {
							"vector": [-25, 0, 0]
						}
					}
				},
				"head": {
					"rotation": {
						"0.0": {
							"vector": [6.09, 0, 0]
						},
						"0.25": {
							"vector": [7.5, 0, 0]
						},
						"0.75": {
							"vector": [5, 0, 0]
						},
						"1.0": {
							"vector": [6.09, 0, 0]
						}
					},
					"position": {
						"0.0": {
							"vector": [0, -0.17, 0]
						},
						"0.0833": {
							"vector": [0, -0.25, 0]
						},
						"0.3333": {
							"vector": [0, 0, 0]
						},
						"0.5833": {
							"vector": [0, -0.25, 0]
						},
						"0.8333": {
							"vector": [0, 0, 0]
						},
						"1.0": {
							"vector": [0, -0.17, 0]
						}
					}
				},
				"lefta": {
					"rotation": {
						"0.0": {
							"vector": [31.69, -2.12, -1.31]
						},
						"0.1667": {
							"vector": [35.02564, -2.04767, -1.43455]
						},
						"0.6667": {
							"vector": [25.0209, -2.26564, -1.0571]
						},
						"1.0": {
							"vector": [31.69, -2.12, -1.31]
						}
					}
				},
				"righta": {
					"rotation": {
						"0.0": {
							"vector": [29.4, 2.17, 1.22]
						},
						"0.25": {
							"vector": [35.02564, 2.04767, 1.43455]
						},